query_index,query,video_id,start,end
1,A warmly lit log cabin surrounded by forests in a snowy field at night,Pwv4avomXYo,139.25,139.25
1,A warmly lit log cabin surrounded by forests in a snowy field at night,Pwv4avomXYo,137.75,137.75
1,A warmly lit log cabin surrounded by forests in a snowy field at night,Pwv4avomXYo,138.0,138.0
1,A warmly lit log cabin surrounded by forests in a snowy field at night,Pwv4avomXYo,137.25,137.25
1,A warmly lit log cabin surrounded by forests in a snowy field at night,Pwv4avomXYo,142.0,142.0
2,Reindeer looking at a fallen person in the winter forest,Pwv4avomXYo,139.25,139.25
2,Reindeer looking at a fallen person in the winter forest,Pwv4avomXYo,137.75,137.75
2,Reindeer looking at a fallen person in the winter forest,Pwv4avomXYo,138.0,138.0
2,Reindeer looking at a fallen person in the winter forest,Pwv4avomXYo,137.25,137.25
2,Reindeer looking at a fallen person in the winter forest,Pwv4avomXYo,142.0,142.0
3,man falls from reindeer,Pwv4avomXYo,139.25,139.25
3,man falls from reindeer,Pwv4avomXYo,137.75,137.75
3,man falls from reindeer,Pwv4avomXYo,138.0,138.0
3,man falls from reindeer,Pwv4avomXYo,137.25,137.25
3,man falls from reindeer,Pwv4avomXYo,142.0,142.0
4,Snowman melting in front of fireplace,Pwv4avomXYo,139.25,139.25
4,Snowman melting in front of fireplace,Pwv4avomXYo,137.75,137.75
4,Snowman melting in front of fireplace,Pwv4avomXYo,138.0,138.0
4,Snowman melting in front of fireplace,Pwv4avomXYo,137.25,137.25
4,Snowman melting in front of fireplace,Pwv4avomXYo,142.0,142.0
5,The snowman greets the woman and tells her her name.,Pwv4avomXYo,139.25,139.25
5,The snowman greets the woman and tells her her name.,Pwv4avomXYo,137.75,137.75
5,The snowman greets the woman and tells her her name.,Pwv4avomXYo,138.0,138.0
5,The snowman greets the woman and tells her her name.,Pwv4avomXYo,137.25,137.25
5,The snowman greets the woman and tells her her name.,Pwv4avomXYo,142.0,142.0
6,A woman repeatedly says she is cold,Pwv4avomXYo,139.25,139.25
6,A woman repeatedly says she is cold,Pwv4avomXYo,137.75,137.75
6,A woman repeatedly says she is cold,Pwv4avomXYo,138.0,138.0
6,A woman repeatedly says she is cold,Pwv4avomXYo,137.25,137.25
6,A woman repeatedly says she is cold,Pwv4avomXYo,142.0,142.0
7,"Winter, night, snowy field, log cabin",Pwv4avomXYo,139.25,139.25
7,"Winter, night, snowy field, log cabin",Pwv4avomXYo,137.75,137.75
7,"Winter, night, snowy field, log cabin",Pwv4avomXYo,138.0,138.0
7,"Winter, night, snowy field, log cabin",Pwv4avomXYo,137.25,137.25
7,"Winter, night, snowy field, log cabin",Pwv4avomXYo,142.0,142.0
8,"five people, hammer, ice",Pwv4avomXYo,139.25,139.25
8,"five people, hammer, ice",Pwv4avomXYo,137.75,137.75
8,"five people, hammer, ice",Pwv4avomXYo,138.0,138.0
8,"five people, hammer, ice",Pwv4avomXYo,137.25,137.25
8,"five people, hammer, ice",Pwv4avomXYo,142.0,142.0
9,A man with something on his face points a gun,Pwv4avomXYo,139.25,139.25
9,A man with something on his face points a gun,Pwv4avomXYo,137.75,137.75
9,A man with something on his face points a gun,Pwv4avomXYo,138.0,138.0
9,A man with something on his face points a gun,Pwv4avomXYo,137.25,137.25
9,A man with something on his face points a gun,Pwv4avomXYo,142.0,142.0
10,A man wearing sunglasses and a hat is standing holding an ice cream in one hand,Pwv4avomXYo,139.25,139.25
10,A man wearing sunglasses and a hat is standing holding an ice cream in one hand,Pwv4avomXYo,137.75,137.75
10,A man wearing sunglasses and a hat is standing holding an ice cream in one hand,Pwv4avomXYo,138.0,138.0
10,A man wearing sunglasses and a hat is standing holding an ice cream in one hand,Pwv4avomXYo,137.25,137.25
10,A man wearing sunglasses and a hat is standing holding an ice cream in one hand,Pwv4avomXYo,142.0,142.0
11,Police take away boy's ice cream and throw it back,Pwv4avomXYo,139.25,139.25
11,Police take away boy's ice cream and throw it back,Pwv4avomXYo,137.75,137.75
11,Police take away boy's ice cream and throw it back,Pwv4avomXYo,138.0,138.0
11,Police take away boy's ice cream and throw it back,Pwv4avomXYo,137.25,137.25
11,Police take away boy's ice cream and throw it back,Pwv4avomXYo,142.0,142.0
12,Man pushes police officer down with police car,Pwv4avomXYo,139.25,139.25
12,Man pushes police officer down with police car,Pwv4avomXYo,137.75,137.75
12,Man pushes police officer down with police car,Pwv4avomXYo,138.0,138.0
12,Man pushes police officer down with police car,Pwv4avomXYo,137.25,137.25
12,Man pushes police officer down with police car,Pwv4avomXYo,142.0,142.0
13,police apologize to boy,Pwv4avomXYo,139.25,139.25
13,police apologize to boy,Pwv4avomXYo,137.75,137.75
13,police apologize to boy,Pwv4avomXYo,138.0,138.0
13,police apologize to boy,Pwv4avomXYo,137.25,137.25
13,police apologize to boy,Pwv4avomXYo,142.0,142.0
14,Police holding guns and telling people not to move,Pwv4avomXYo,139.25,139.25
14,Police holding guns and telling people not to move,Pwv4avomXYo,137.75,137.75
14,Police holding guns and telling people not to move,Pwv4avomXYo,138.0,138.0
14,Police holding guns and telling people not to move,Pwv4avomXYo,137.25,137.25
14,Police holding guns and telling people not to move,Pwv4avomXYo,142.0,142.0
15,"BULWORTH, 2 blue posters, man",Pwv4avomXYo,139.25,139.25
15,"BULWORTH, 2 blue posters, man",Pwv4avomXYo,137.75,137.75
15,"BULWORTH, 2 blue posters, man",Pwv4avomXYo,138.0,138.0
15,"BULWORTH, 2 blue posters, man",Pwv4avomXYo,137.25,137.25
15,"BULWORTH, 2 blue posters, man",Pwv4avomXYo,142.0,142.0
16,"bald, black, boy, sunglasses",Pwv4avomXYo,139.25,139.25
16,"bald, black, boy, sunglasses",Pwv4avomXYo,137.75,137.75
16,"bald, black, boy, sunglasses",Pwv4avomXYo,138.0,138.0
16,"bald, black, boy, sunglasses",Pwv4avomXYo,137.25,137.25
16,"bald, black, boy, sunglasses",Pwv4avomXYo,142.0,142.0
17,A store employee is holding a black marker,Pwv4avomXYo,139.25,139.25
17,A store employee is holding a black marker,Pwv4avomXYo,137.75,137.75
17,A store employee is holding a black marker,Pwv4avomXYo,138.0,138.0
17,A store employee is holding a black marker,Pwv4avomXYo,137.25,137.25
17,A store employee is holding a black marker,Pwv4avomXYo,142.0,142.0
18,Employees are riding carts in the store,Pwv4avomXYo,139.25,139.25
18,Employees are riding carts in the store,Pwv4avomXYo,137.75,137.75
18,Employees are riding carts in the store,Pwv4avomXYo,138.0,138.0
18,Employees are riding carts in the store,Pwv4avomXYo,137.25,137.25
18,Employees are riding carts in the store,Pwv4avomXYo,142.0,142.0
19,The chair the man was sitting on collapsed.,Pwv4avomXYo,139.25,139.25
19,The chair the man was sitting on collapsed.,Pwv4avomXYo,137.75,137.75
19,The chair the man was sitting on collapsed.,Pwv4avomXYo,138.0,138.0
19,The chair the man was sitting on collapsed.,Pwv4avomXYo,137.25,137.25
19,The chair the man was sitting on collapsed.,Pwv4avomXYo,142.0,142.0
20,Two men running around with mops in a supermarket,Pwv4avomXYo,139.25,139.25
20,Two men running around with mops in a supermarket,Pwv4avomXYo,137.75,137.75
20,Two men running around with mops in a supermarket,Pwv4avomXYo,138.0,138.0
20,Two men running around with mops in a supermarket,Pwv4avomXYo,137.25,137.25
20,Two men running around with mops in a supermarket,Pwv4avomXYo,142.0,142.0
21,A boy begs his mother to buy him a toy,Pwv4avomXYo,139.25,139.25
21,A boy begs his mother to buy him a toy,Pwv4avomXYo,137.75,137.75
21,A boy begs his mother to buy him a toy,Pwv4avomXYo,138.0,138.0
21,A boy begs his mother to buy him a toy,Pwv4avomXYo,137.25,137.25
21,A boy begs his mother to buy him a toy,Pwv4avomXYo,142.0,142.0
22,Woman says her name is Amy,Pwv4avomXYo,139.25,139.25
22,Woman says her name is Amy,Pwv4avomXYo,137.75,137.75
22,Woman says her name is Amy,Pwv4avomXYo,138.0,138.0
22,Woman says her name is Amy,Pwv4avomXYo,137.25,137.25
22,Woman says her name is Amy,Pwv4avomXYo,142.0,142.0
23,"man, bed, 5:52, wake up",Pwv4avomXYo,139.25,139.25
23,"man, bed, 5:52, wake up",Pwv4avomXYo,137.75,137.75
23,"man, bed, 5:52, wake up",Pwv4avomXYo,138.0,138.0
23,"man, bed, 5:52, wake up",Pwv4avomXYo,137.25,137.25
23,"man, bed, 5:52, wake up",Pwv4avomXYo,142.0,142.0
24,"blonde hair, blue vest, man, black macaque",Pwv4avomXYo,139.25,139.25
24,"blonde hair, blue vest, man, black macaque",Pwv4avomXYo,137.75,137.75
24,"blonde hair, blue vest, man, black macaque",Pwv4avomXYo,138.0,138.0
24,"blonde hair, blue vest, man, black macaque",Pwv4avomXYo,137.25,137.25
24,"blonde hair, blue vest, man, black macaque",Pwv4avomXYo,142.0,142.0
25,"Among two identical looking men, the man on the left points to the man on the right.",Pwv4avomXYo,139.25,139.25
25,"Among two identical looking men, the man on the left points to the man on the right.",Pwv4avomXYo,137.75,137.75
25,"Among two identical looking men, the man on the left points to the man on the right.",Pwv4avomXYo,138.0,138.0
25,"Among two identical looking men, the man on the left points to the man on the right.",Pwv4avomXYo,137.25,137.25
25,"Among two identical looking men, the man on the left points to the man on the right.",Pwv4avomXYo,142.0,142.0
26,Three figures standing on top of an ice mountain holding torches and looking down,Pwv4avomXYo,139.25,139.25
26,Three figures standing on top of an ice mountain holding torches and looking down,Pwv4avomXYo,137.75,137.75
26,Three figures standing on top of an ice mountain holding torches and looking down,Pwv4avomXYo,138.0,138.0
26,Three figures standing on top of an ice mountain holding torches and looking down,Pwv4avomXYo,137.25,137.25
26,Three figures standing on top of an ice mountain holding torches and looking down,Pwv4avomXYo,142.0,142.0
27,A woman transforms into another man,Pwv4avomXYo,139.25,139.25
27,A woman transforms into another man,Pwv4avomXYo,137.75,137.75
27,A woman transforms into another man,Pwv4avomXYo,138.0,138.0
27,A woman transforms into another man,Pwv4avomXYo,137.25,137.25
27,A woman transforms into another man,Pwv4avomXYo,142.0,142.0
28,Two identical looking men punch each other in the face,Pwv4avomXYo,139.25,139.25
28,Two identical looking men punch each other in the face,Pwv4avomXYo,137.75,137.75
28,Two identical looking men punch each other in the face,Pwv4avomXYo,138.0,138.0
28,Two identical looking men punch each other in the face,Pwv4avomXYo,137.25,137.25
28,Two identical looking men punch each other in the face,Pwv4avomXYo,142.0,142.0
29,"When asked if he wanted to go back, the man answered absolutely no.",Pwv4avomXYo,139.25,139.25
29,"When asked if he wanted to go back, the man answered absolutely no.",Pwv4avomXYo,137.75,137.75
29,"When asked if he wanted to go back, the man answered absolutely no.",Pwv4avomXYo,138.0,138.0
29,"When asked if he wanted to go back, the man answered absolutely no.",Pwv4avomXYo,137.25,137.25
29,"When asked if he wanted to go back, the man answered absolutely no.",Pwv4avomXYo,142.0,142.0
30,Two men accuse each other of being fake,Pwv4avomXYo,139.25,139.25
30,Two men accuse each other of being fake,Pwv4avomXYo,137.75,137.75
30,Two men accuse each other of being fake,Pwv4avomXYo,138.0,138.0
30,Two men accuse each other of being fake,Pwv4avomXYo,137.25,137.25
30,Two men accuse each other of being fake,Pwv4avomXYo,142.0,142.0
31,"Torch, ice mountain and three figures",Pwv4avomXYo,139.25,139.25
31,"Torch, ice mountain and three figures",Pwv4avomXYo,137.75,137.75
31,"Torch, ice mountain and three figures",Pwv4avomXYo,138.0,138.0
31,"Torch, ice mountain and three figures",Pwv4avomXYo,137.25,137.25
31,"Torch, ice mountain and three figures",Pwv4avomXYo,142.0,142.0
32,"One eye, red laser",Pwv4avomXYo,139.25,139.25
32,"One eye, red laser",Pwv4avomXYo,137.75,137.75
32,"One eye, red laser",Pwv4avomXYo,138.0,138.0
32,"One eye, red laser",Pwv4avomXYo,137.25,137.25
32,"One eye, red laser",Pwv4avomXYo,142.0,142.0
33,"Two youth football teams face off on the field, preparing for a game",Pwv4avomXYo,139.25,139.25
33,"Two youth football teams face off on the field, preparing for a game",Pwv4avomXYo,137.75,137.75
33,"Two youth football teams face off on the field, preparing for a game",Pwv4avomXYo,138.0,138.0
33,"Two youth football teams face off on the field, preparing for a game",Pwv4avomXYo,137.25,137.25
33,"Two youth football teams face off on the field, preparing for a game",Pwv4avomXYo,142.0,142.0
34,A man wearing a black hat and a man wearing a white hat are facing each other,Pwv4avomXYo,139.25,139.25
34,A man wearing a black hat and a man wearing a white hat are facing each other,Pwv4avomXYo,137.75,137.75
34,A man wearing a black hat and a man wearing a white hat are facing each other,Pwv4avomXYo,138.0,138.0
34,A man wearing a black hat and a man wearing a white hat are facing each other,Pwv4avomXYo,137.25,137.25
34,A man wearing a black hat and a man wearing a white hat are facing each other,Pwv4avomXYo,142.0,142.0
35,A man wearing a light blue hat pulls the whistle around the neck of a man wearing a white hat.,Pwv4avomXYo,139.25,139.25
35,A man wearing a light blue hat pulls the whistle around the neck of a man wearing a white hat.,Pwv4avomXYo,137.75,137.75
35,A man wearing a light blue hat pulls the whistle around the neck of a man wearing a white hat.,Pwv4avomXYo,138.0,138.0
35,A man wearing a light blue hat pulls the whistle around the neck of a man wearing a white hat.,Pwv4avomXYo,137.25,137.25
35,A man wearing a light blue hat pulls the whistle around the neck of a man wearing a white hat.,Pwv4avomXYo,142.0,142.0
36,A man wearing a black hat takes off his hat and whistle and hands them to a man wearing a white hat.,Pwv4avomXYo,139.25,139.25
36,A man wearing a black hat takes off his hat and whistle and hands them to a man wearing a white hat.,Pwv4avomXYo,137.75,137.75
36,A man wearing a black hat takes off his hat and whistle and hands them to a man wearing a white hat.,Pwv4avomXYo,138.0,138.0
36,A man wearing a black hat takes off his hat and whistle and hands them to a man wearing a white hat.,Pwv4avomXYo,137.25,137.25
36,A man wearing a black hat takes off his hat and whistle and hands them to a man wearing a white hat.,Pwv4avomXYo,142.0,142.0
37,A man yells at people not to kick the ball because this isn't soccer,Pwv4avomXYo,139.25,139.25
37,A man yells at people not to kick the ball because this isn't soccer,Pwv4avomXYo,137.75,137.75
37,A man yells at people not to kick the ball because this isn't soccer,Pwv4avomXYo,138.0,138.0
37,A man yells at people not to kick the ball because this isn't soccer,Pwv4avomXYo,137.25,137.25
37,A man yells at people not to kick the ball because this isn't soccer,Pwv4avomXYo,142.0,142.0
38,A man praises a child wearing light blue football gear,Pwv4avomXYo,139.25,139.25
38,A man praises a child wearing light blue football gear,Pwv4avomXYo,137.75,137.75
38,A man praises a child wearing light blue football gear,Pwv4avomXYo,138.0,138.0
38,A man praises a child wearing light blue football gear,Pwv4avomXYo,137.25,137.25
38,A man praises a child wearing light blue football gear,Pwv4avomXYo,142.0,142.0
39,"red helmet, yellow helmet, football, ready",Pwv4avomXYo,139.25,139.25
39,"red helmet, yellow helmet, football, ready",Pwv4avomXYo,137.75,137.75
39,"red helmet, yellow helmet, football, ready",Pwv4avomXYo,138.0,138.0
39,"red helmet, yellow helmet, football, ready",Pwv4avomXYo,137.25,137.25
39,"red helmet, yellow helmet, football, ready",Pwv4avomXYo,142.0,142.0
40,"light blue uniform, football, boy, tooth missing",Pwv4avomXYo,139.25,139.25
40,"light blue uniform, football, boy, tooth missing",Pwv4avomXYo,137.75,137.75
40,"light blue uniform, football, boy, tooth missing",Pwv4avomXYo,138.0,138.0
40,"light blue uniform, football, boy, tooth missing",Pwv4avomXYo,137.25,137.25
40,"light blue uniform, football, boy, tooth missing",Pwv4avomXYo,142.0,142.0
41,Three men and women face backwards against a background of contrasting colors,Pwv4avomXYo,139.25,139.25
41,Three men and women face backwards against a background of contrasting colors,Pwv4avomXYo,137.75,137.75
41,Three men and women face backwards against a background of contrasting colors,Pwv4avomXYo,138.0,138.0
41,Three men and women face backwards against a background of contrasting colors,Pwv4avomXYo,137.25,137.25
41,Three men and women face backwards against a background of contrasting colors,Pwv4avomXYo,142.0,142.0
42,A woman wearing a pink striped top is holding several towels in her hands,Pwv4avomXYo,139.25,139.25
42,A woman wearing a pink striped top is holding several towels in her hands,Pwv4avomXYo,137.75,137.75
42,A woman wearing a pink striped top is holding several towels in her hands,Pwv4avomXYo,138.0,138.0
42,A woman wearing a pink striped top is holding several towels in her hands,Pwv4avomXYo,137.25,137.25
42,A woman wearing a pink striped top is holding several towels in her hands,Pwv4avomXYo,142.0,142.0
43,A shoe flies off and a window breaks,Pwv4avomXYo,139.25,139.25
43,A shoe flies off and a window breaks,Pwv4avomXYo,137.75,137.75
43,A shoe flies off and a window breaks,Pwv4avomXYo,138.0,138.0
43,A shoe flies off and a window breaks,Pwv4avomXYo,137.25,137.25
43,A shoe flies off and a window breaks,Pwv4avomXYo,142.0,142.0
44,A man chews a flower in his mouth in the grass,Pwv4avomXYo,139.25,139.25
44,A man chews a flower in his mouth in the grass,Pwv4avomXYo,137.75,137.75
44,A man chews a flower in his mouth in the grass,Pwv4avomXYo,138.0,138.0
44,A man chews a flower in his mouth in the grass,Pwv4avomXYo,137.25,137.25
44,A man chews a flower in his mouth in the grass,Pwv4avomXYo,142.0,142.0
45,The man says he will go to the hotel to check if there is a room available.,Pwv4avomXYo,139.25,139.25
45,The man says he will go to the hotel to check if there is a room available.,Pwv4avomXYo,137.75,137.75
45,The man says he will go to the hotel to check if there is a room available.,Pwv4avomXYo,138.0,138.0
45,The man says he will go to the hotel to check if there is a room available.,Pwv4avomXYo,137.25,137.25
45,The man says he will go to the hotel to check if there is a room available.,Pwv4avomXYo,142.0,142.0
46,A man tells a woman to cover her ears,Pwv4avomXYo,139.25,139.25
46,A man tells a woman to cover her ears,Pwv4avomXYo,137.75,137.75
46,A man tells a woman to cover her ears,Pwv4avomXYo,138.0,138.0
46,A man tells a woman to cover her ears,Pwv4avomXYo,137.25,137.25
46,A man tells a woman to cover her ears,Pwv4avomXYo,142.0,142.0
47,"rose, towel, woman",Pwv4avomXYo,139.25,139.25
47,"rose, towel, woman",Pwv4avomXYo,137.75,137.75
47,"rose, towel, woman",Pwv4avomXYo,138.0,138.0
47,"rose, towel, woman",Pwv4avomXYo,137.25,137.25
47,"rose, towel, woman",Pwv4avomXYo,142.0,142.0
48,"heart, blood vessels, snowflakes",Pwv4avomXYo,139.25,139.25
48,"heart, blood vessels, snowflakes",Pwv4avomXYo,137.75,137.75
48,"heart, blood vessels, snowflakes",Pwv4avomXYo,138.0,138.0
48,"heart, blood vessels, snowflakes",Pwv4avomXYo,137.25,137.25
48,"heart, blood vessels, snowflakes",Pwv4avomXYo,142.0,142.0
49,"Two old women stare at the screen with serious expressions, holding a cushion with a young man's face printed on it.",Pwv4avomXYo,139.25,139.25
49,"Two old women stare at the screen with serious expressions, holding a cushion with a young man's face printed on it.",Pwv4avomXYo,137.75,137.75
49,"Two old women stare at the screen with serious expressions, holding a cushion with a young man's face printed on it.",Pwv4avomXYo,138.0,138.0
49,"Two old women stare at the screen with serious expressions, holding a cushion with a young man's face printed on it.",Pwv4avomXYo,137.25,137.25
49,"Two old women stare at the screen with serious expressions, holding a cushion with a young man's face printed on it.",Pwv4avomXYo,142.0,142.0
50,A man sitting in a bathtub is looking straight ahead and a remote control is placed in front of him.,Pwv4avomXYo,139.25,139.25
50,A man sitting in a bathtub is looking straight ahead and a remote control is placed in front of him.,Pwv4avomXYo,137.75,137.75
50,A man sitting in a bathtub is looking straight ahead and a remote control is placed in front of him.,Pwv4avomXYo,138.0,138.0
50,A man sitting in a bathtub is looking straight ahead and a remote control is placed in front of him.,Pwv4avomXYo,137.25,137.25
50,A man sitting in a bathtub is looking straight ahead and a remote control is placed in front of him.,Pwv4avomXYo,142.0,142.0
51,A man bows before the door,Pwv4avomXYo,139.25,139.25
51,A man bows before the door,Pwv4avomXYo,137.75,137.75
51,A man bows before the door,Pwv4avomXYo,138.0,138.0
51,A man bows before the door,Pwv4avomXYo,137.25,137.25
51,A man bows before the door,Pwv4avomXYo,142.0,142.0
52,A man goes out the door on a sky blue background,Pwv4avomXYo,139.25,139.25
52,A man goes out the door on a sky blue background,Pwv4avomXYo,137.75,137.75
52,A man goes out the door on a sky blue background,Pwv4avomXYo,138.0,138.0
52,A man goes out the door on a sky blue background,Pwv4avomXYo,137.25,137.25
52,A man goes out the door on a sky blue background,Pwv4avomXYo,142.0,142.0
53,"A man greets lunch, dinner, and night at the same time",Pwv4avomXYo,139.25,139.25
53,"A man greets lunch, dinner, and night at the same time",Pwv4avomXYo,137.75,137.75
53,"A man greets lunch, dinner, and night at the same time",Pwv4avomXYo,138.0,138.0
53,"A man greets lunch, dinner, and night at the same time",Pwv4avomXYo,137.25,137.25
53,"A man greets lunch, dinner, and night at the same time",Pwv4avomXYo,142.0,142.0
54,The man says you will not be able to go out because you are afraid.,Pwv4avomXYo,139.25,139.25
54,The man says you will not be able to go out because you are afraid.,Pwv4avomXYo,137.75,137.75
54,The man says you will not be able to go out because you are afraid.,Pwv4avomXYo,138.0,138.0
54,The man says you will not be able to go out because you are afraid.,Pwv4avomXYo,137.25,137.25
54,The man says you will not be able to go out because you are afraid.,Pwv4avomXYo,142.0,142.0
55,"bathtub, male, remote control",Pwv4avomXYo,139.25,139.25
55,"bathtub, male, remote control",Pwv4avomXYo,137.75,137.75
55,"bathtub, male, remote control",Pwv4avomXYo,138.0,138.0
55,"bathtub, male, remote control",Pwv4avomXYo,137.25,137.25
55,"bathtub, male, remote control",Pwv4avomXYo,142.0,142.0
56,Two old ladies and men printed cushions,Pwv4avomXYo,139.25,139.25
56,Two old ladies and men printed cushions,Pwv4avomXYo,137.75,137.75
56,Two old ladies and men printed cushions,Pwv4avomXYo,138.0,138.0
56,Two old ladies and men printed cushions,Pwv4avomXYo,137.25,137.25
56,Two old ladies and men printed cushions,Pwv4avomXYo,142.0,142.0
57,"A woman grabs a man from behind and holds a knife to his throat, threatening him.",Pwv4avomXYo,139.25,139.25
57,"A woman grabs a man from behind and holds a knife to his throat, threatening him.",Pwv4avomXYo,137.75,137.75
57,"A woman grabs a man from behind and holds a knife to his throat, threatening him.",Pwv4avomXYo,138.0,138.0
57,"A woman grabs a man from behind and holds a knife to his throat, threatening him.",Pwv4avomXYo,137.25,137.25
57,"A woman grabs a man from behind and holds a knife to his throat, threatening him.",Pwv4avomXYo,142.0,142.0
58,"In a classic portrait, a man in yellow pants has a knife stuck in his lower body.",Pwv4avomXYo,139.25,139.25
58,"In a classic portrait, a man in yellow pants has a knife stuck in his lower body.",Pwv4avomXYo,137.75,137.75
58,"In a classic portrait, a man in yellow pants has a knife stuck in his lower body.",Pwv4avomXYo,138.0,138.0
58,"In a classic portrait, a man in yellow pants has a knife stuck in his lower body.",Pwv4avomXYo,137.25,137.25
58,"In a classic portrait, a man in yellow pants has a knife stuck in his lower body.",Pwv4avomXYo,142.0,142.0
59,A knife thrown by a woman gets stuck in a picture on the wall.,Pwv4avomXYo,139.25,139.25
59,A knife thrown by a woman gets stuck in a picture on the wall.,Pwv4avomXYo,137.75,137.75
59,A knife thrown by a woman gets stuck in a picture on the wall.,Pwv4avomXYo,138.0,138.0
59,A knife thrown by a woman gets stuck in a picture on the wall.,Pwv4avomXYo,137.25,137.25
59,A knife thrown by a woman gets stuck in a picture on the wall.,Pwv4avomXYo,142.0,142.0
60,"A woman steps on a chair, jumps over it, and lunges at the man.",Pwv4avomXYo,139.25,139.25
60,"A woman steps on a chair, jumps over it, and lunges at the man.",Pwv4avomXYo,137.75,137.75
60,"A woman steps on a chair, jumps over it, and lunges at the man.",Pwv4avomXYo,138.0,138.0
60,"A woman steps on a chair, jumps over it, and lunges at the man.",Pwv4avomXYo,137.25,137.25
60,"A woman steps on a chair, jumps over it, and lunges at the man.",Pwv4avomXYo,142.0,142.0
61,Woman says someone will die here tonight,Pwv4avomXYo,139.25,139.25
61,Woman says someone will die here tonight,Pwv4avomXYo,137.75,137.75
61,Woman says someone will die here tonight,Pwv4avomXYo,138.0,138.0
61,Woman says someone will die here tonight,Pwv4avomXYo,137.25,137.25
61,Woman says someone will die here tonight,Pwv4avomXYo,142.0,142.0
62,A man apologizes to a woman and asks her if she has a boyfriend,Pwv4avomXYo,139.25,139.25
62,A man apologizes to a woman and asks her if she has a boyfriend,Pwv4avomXYo,137.75,137.75
62,A man apologizes to a woman and asks her if she has a boyfriend,Pwv4avomXYo,138.0,138.0
62,A man apologizes to a woman and asks her if she has a boyfriend,Pwv4avomXYo,137.25,137.25
62,A man apologizes to a woman and asks her if she has a boyfriend,Pwv4avomXYo,142.0,142.0
63,"Portrait, frame, knife, yellow pants",Pwv4avomXYo,139.25,139.25
63,"Portrait, frame, knife, yellow pants",Pwv4avomXYo,137.75,137.75
63,"Portrait, frame, knife, yellow pants",Pwv4avomXYo,138.0,138.0
63,"Portrait, frame, knife, yellow pants",Pwv4avomXYo,137.25,137.25
63,"Portrait, frame, knife, yellow pants",Pwv4avomXYo,142.0,142.0
64,"Antique interior, red wallpaper, fighting, table",Pwv4avomXYo,139.25,139.25
64,"Antique interior, red wallpaper, fighting, table",Pwv4avomXYo,137.75,137.75
64,"Antique interior, red wallpaper, fighting, table",Pwv4avomXYo,138.0,138.0
64,"Antique interior, red wallpaper, fighting, table",Pwv4avomXYo,137.25,137.25
64,"Antique interior, red wallpaper, fighting, table",Pwv4avomXYo,142.0,142.0
65,Newlyweds kissing on a boat,Pwv4avomXYo,139.25,139.25
65,Newlyweds kissing on a boat,Pwv4avomXYo,137.75,137.75
65,Newlyweds kissing on a boat,Pwv4avomXYo,138.0,138.0
65,Newlyweds kissing on a boat,Pwv4avomXYo,137.25,137.25
65,Newlyweds kissing on a boat,Pwv4avomXYo,142.0,142.0
66,Heart-shaped parachute unfolds over the sea,Pwv4avomXYo,139.25,139.25
66,Heart-shaped parachute unfolds over the sea,Pwv4avomXYo,137.75,137.75
66,Heart-shaped parachute unfolds over the sea,Pwv4avomXYo,138.0,138.0
66,Heart-shaped parachute unfolds over the sea,Pwv4avomXYo,137.25,137.25
66,Heart-shaped parachute unfolds over the sea,Pwv4avomXYo,142.0,142.0
67,A man falls over a wedding cake,Pwv4avomXYo,139.25,139.25
67,A man falls over a wedding cake,Pwv4avomXYo,137.75,137.75
67,A man falls over a wedding cake,Pwv4avomXYo,138.0,138.0
67,A man falls over a wedding cake,Pwv4avomXYo,137.25,137.25
67,A man falls over a wedding cake,Pwv4avomXYo,142.0,142.0
68,A man and a woman wear parachutes and jump from a cliff into the sea,Pwv4avomXYo,139.25,139.25
68,A man and a woman wear parachutes and jump from a cliff into the sea,Pwv4avomXYo,137.75,137.75
68,A man and a woman wear parachutes and jump from a cliff into the sea,Pwv4avomXYo,138.0,138.0
68,A man and a woman wear parachutes and jump from a cliff into the sea,Pwv4avomXYo,137.25,137.25
68,A man and a woman wear parachutes and jump from a cliff into the sea,Pwv4avomXYo,142.0,142.0
69,mother tells her daughter she is done talking,Pwv4avomXYo,139.25,139.25
69,mother tells her daughter she is done talking,Pwv4avomXYo,137.75,137.75
69,mother tells her daughter she is done talking,Pwv4avomXYo,138.0,138.0
69,mother tells her daughter she is done talking,Pwv4avomXYo,137.25,137.25
69,mother tells her daughter she is done talking,Pwv4avomXYo,142.0,142.0
70,Daughter tells mother it was a good story,Pwv4avomXYo,139.25,139.25
70,Daughter tells mother it was a good story,Pwv4avomXYo,137.75,137.75
70,Daughter tells mother it was a good story,Pwv4avomXYo,138.0,138.0
70,Daughter tells mother it was a good story,Pwv4avomXYo,137.25,137.25
70,Daughter tells mother it was a good story,Pwv4avomXYo,142.0,142.0
71,"Tuxedo, wedding, 3 men, yellow flowers",Pwv4avomXYo,139.25,139.25
71,"Tuxedo, wedding, 3 men, yellow flowers",Pwv4avomXYo,137.75,137.75
71,"Tuxedo, wedding, 3 men, yellow flowers",Pwv4avomXYo,138.0,138.0
71,"Tuxedo, wedding, 3 men, yellow flowers",Pwv4avomXYo,137.25,137.25
71,"Tuxedo, wedding, 3 men, yellow flowers",Pwv4avomXYo,142.0,142.0
72,2 hearts on the sea,Pwv4avomXYo,139.25,139.25
72,2 hearts on the sea,Pwv4avomXYo,137.75,137.75
72,2 hearts on the sea,Pwv4avomXYo,138.0,138.0
72,2 hearts on the sea,Pwv4avomXYo,137.25,137.25
72,2 hearts on the sea,Pwv4avomXYo,142.0,142.0
73,"An mp3 with a note saying ""PLAY ME"" and a ribbon.",Pwv4avomXYo,139.25,139.25
73,"An mp3 with a note saying ""PLAY ME"" and a ribbon.",Pwv4avomXYo,137.75,137.75
73,"An mp3 with a note saying ""PLAY ME"" and a ribbon.",Pwv4avomXYo,138.0,138.0
73,"An mp3 with a note saying ""PLAY ME"" and a ribbon.",Pwv4avomXYo,137.25,137.25
73,"An mp3 with a note saying ""PLAY ME"" and a ribbon.",Pwv4avomXYo,142.0,142.0
74,Cake decorated with happy birthday message and flowers,Pwv4avomXYo,139.25,139.25
74,Cake decorated with happy birthday message and flowers,Pwv4avomXYo,137.75,137.75
74,Cake decorated with happy birthday message and flowers,Pwv4avomXYo,138.0,138.0
74,Cake decorated with happy birthday message and flowers,Pwv4avomXYo,137.25,137.25
74,Cake decorated with happy birthday message and flowers,Pwv4avomXYo,142.0,142.0
75,A woman unties the ribbon around the mp3 and plays the mp3.,Pwv4avomXYo,139.25,139.25
75,A woman unties the ribbon around the mp3 and plays the mp3.,Pwv4avomXYo,137.75,137.75
75,A woman unties the ribbon around the mp3 and plays the mp3.,Pwv4avomXYo,138.0,138.0
75,A woman unties the ribbon around the mp3 and plays the mp3.,Pwv4avomXYo,137.25,137.25
75,A woman unties the ribbon around the mp3 and plays the mp3.,Pwv4avomXYo,142.0,142.0
76,A woman puts down the mp3 she was holding on the table,Pwv4avomXYo,139.25,139.25
76,A woman puts down the mp3 she was holding on the table,Pwv4avomXYo,137.75,137.75
76,A woman puts down the mp3 she was holding on the table,Pwv4avomXYo,138.0,138.0
76,A woman puts down the mp3 she was holding on the table,Pwv4avomXYo,137.25,137.25
76,A woman puts down the mp3 she was holding on the table,Pwv4avomXYo,142.0,142.0
77,"When the woman asks the man if he did it, the man denies it.",Pwv4avomXYo,139.25,139.25
77,"When the woman asks the man if he did it, the man denies it.",Pwv4avomXYo,137.75,137.75
77,"When the woman asks the man if he did it, the man denies it.",Pwv4avomXYo,138.0,138.0
77,"When the woman asks the man if he did it, the man denies it.",Pwv4avomXYo,137.25,137.25
77,"When the woman asks the man if he did it, the man denies it.",Pwv4avomXYo,142.0,142.0
78,The man in the voice leaves a happy birthday message to the woman.,Pwv4avomXYo,139.25,139.25
78,The man in the voice leaves a happy birthday message to the woman.,Pwv4avomXYo,137.75,137.75
78,The man in the voice leaves a happy birthday message to the woman.,Pwv4avomXYo,138.0,138.0
78,The man in the voice leaves a happy birthday message to the woman.,Pwv4avomXYo,137.25,137.25
78,The man in the voice leaves a happy birthday message to the woman.,Pwv4avomXYo,142.0,142.0
79,"Birthday cake, flower decoration",Pwv4avomXYo,139.25,139.25
79,"Birthday cake, flower decoration",Pwv4avomXYo,137.75,137.75
79,"Birthday cake, flower decoration",Pwv4avomXYo,138.0,138.0
79,"Birthday cake, flower decoration",Pwv4avomXYo,137.25,137.25
79,"Birthday cake, flower decoration",Pwv4avomXYo,142.0,142.0
80,"pink ribbon, mp3, note",Pwv4avomXYo,139.25,139.25
80,"pink ribbon, mp3, note",Pwv4avomXYo,137.75,137.75
80,"pink ribbon, mp3, note",Pwv4avomXYo,138.0,138.0
80,"pink ribbon, mp3, note",Pwv4avomXYo,137.25,137.25
80,"pink ribbon, mp3, note",Pwv4avomXYo,142.0,142.0
81,An onion-shaped creature sits in the driver's seat of a car.,Pwv4avomXYo,139.25,139.25
81,An onion-shaped creature sits in the driver's seat of a car.,Pwv4avomXYo,137.75,137.75
81,An onion-shaped creature sits in the driver's seat of a car.,Pwv4avomXYo,138.0,138.0
81,An onion-shaped creature sits in the driver's seat of a car.,Pwv4avomXYo,137.25,137.25
81,An onion-shaped creature sits in the driver's seat of a car.,Pwv4avomXYo,142.0,142.0
82,A woman looks tired while wearing a mask pack,Pwv4avomXYo,139.25,139.25
82,A woman looks tired while wearing a mask pack,Pwv4avomXYo,137.75,137.75
82,A woman looks tired while wearing a mask pack,Pwv4avomXYo,138.0,138.0
82,A woman looks tired while wearing a mask pack,Pwv4avomXYo,137.25,137.25
82,A woman looks tired while wearing a mask pack,Pwv4avomXYo,142.0,142.0
83,Man throws monkey into portal,Pwv4avomXYo,139.25,139.25
83,Man throws monkey into portal,Pwv4avomXYo,137.75,137.75
83,Man throws monkey into portal,Pwv4avomXYo,138.0,138.0
83,Man throws monkey into portal,Pwv4avomXYo,137.25,137.25
83,Man throws monkey into portal,Pwv4avomXYo,142.0,142.0
84,A man connects a wire by holding it with both hands,Pwv4avomXYo,139.25,139.25
84,A man connects a wire by holding it with both hands,Pwv4avomXYo,137.75,137.75
84,A man connects a wire by holding it with both hands,Pwv4avomXYo,138.0,138.0
84,A man connects a wire by holding it with both hands,Pwv4avomXYo,137.25,137.25
84,A man connects a wire by holding it with both hands,Pwv4avomXYo,142.0,142.0
85,A man informs a woman that he has big news.,Pwv4avomXYo,139.25,139.25
85,A man informs a woman that he has big news.,Pwv4avomXYo,137.75,137.75
85,A man informs a woman that he has big news.,Pwv4avomXYo,138.0,138.0
85,A man informs a woman that he has big news.,Pwv4avomXYo,137.25,137.25
85,A man informs a woman that he has big news.,Pwv4avomXYo,142.0,142.0
86,Man introduces his invention grocery deliverator,Pwv4avomXYo,139.25,139.25
86,Man introduces his invention grocery deliverator,Pwv4avomXYo,137.75,137.75
86,Man introduces his invention grocery deliverator,Pwv4avomXYo,138.0,138.0
86,Man introduces his invention grocery deliverator,Pwv4avomXYo,137.25,137.25
86,Man introduces his invention grocery deliverator,Pwv4avomXYo,142.0,142.0
87,"electricity, electric shock, monkey",Pwv4avomXYo,139.25,139.25
87,"electricity, electric shock, monkey",Pwv4avomXYo,137.75,137.75
87,"electricity, electric shock, monkey",Pwv4avomXYo,138.0,138.0
87,"electricity, electric shock, monkey",Pwv4avomXYo,137.25,137.25
87,"electricity, electric shock, monkey",Pwv4avomXYo,142.0,142.0
88,"DOORBELL, SPARKS, FINGER",Pwv4avomXYo,139.25,139.25
88,"DOORBELL, SPARKS, FINGER",Pwv4avomXYo,137.75,137.75
88,"DOORBELL, SPARKS, FINGER",Pwv4avomXYo,138.0,138.0
88,"DOORBELL, SPARKS, FINGER",Pwv4avomXYo,137.25,137.25
88,"DOORBELL, SPARKS, FINGER",Pwv4avomXYo,142.0,142.0
89,A man is holding a bow and arrow in the forest,Pwv4avomXYo,139.25,139.25
89,A man is holding a bow and arrow in the forest,Pwv4avomXYo,137.75,137.75
89,A man is holding a bow and arrow in the forest,Pwv4avomXYo,138.0,138.0
89,A man is holding a bow and arrow in the forest,Pwv4avomXYo,137.25,137.25
89,A man is holding a bow and arrow in the forest,Pwv4avomXYo,142.0,142.0
90,Four men are holding a person bound to a pole,Pwv4avomXYo,139.25,139.25
90,Four men are holding a person bound to a pole,Pwv4avomXYo,137.75,137.75
90,Four men are holding a person bound to a pole,Pwv4avomXYo,138.0,138.0
90,Four men are holding a person bound to a pole,Pwv4avomXYo,137.25,137.25
90,Four men are holding a person bound to a pole,Pwv4avomXYo,142.0,142.0
91,A wild boar can be seen running through the trees into the forest.,Pwv4avomXYo,139.25,139.25
91,A wild boar can be seen running through the trees into the forest.,Pwv4avomXYo,137.75,137.75
91,A wild boar can be seen running through the trees into the forest.,Pwv4avomXYo,138.0,138.0
91,A wild boar can be seen running through the trees into the forest.,Pwv4avomXYo,137.25,137.25
91,A wild boar can be seen running through the trees into the forest.,Pwv4avomXYo,142.0,142.0
92,A man helps a boy who has fallen,Pwv4avomXYo,139.25,139.25
92,A man helps a boy who has fallen,Pwv4avomXYo,137.75,137.75
92,A man helps a boy who has fallen,Pwv4avomXYo,138.0,138.0
92,A man helps a boy who has fallen,Pwv4avomXYo,137.25,137.25
92,A man helps a boy who has fallen,Pwv4avomXYo,142.0,142.0
93,Man talks about things he can teach orphans,Pwv4avomXYo,139.25,139.25
93,Man talks about things he can teach orphans,Pwv4avomXYo,137.75,137.75
93,Man talks about things he can teach orphans,Pwv4avomXYo,138.0,138.0
93,Man talks about things he can teach orphans,Pwv4avomXYo,137.25,137.25
93,Man talks about things he can teach orphans,Pwv4avomXYo,142.0,142.0
94,Boy asks man if he is a crusader and man says yes,Pwv4avomXYo,139.25,139.25
94,Boy asks man if he is a crusader and man says yes,Pwv4avomXYo,137.75,137.75
94,Boy asks man if he is a crusader and man says yes,Pwv4avomXYo,138.0,138.0
94,Boy asks man if he is a crusader and man says yes,Pwv4avomXYo,137.25,137.25
94,Boy asks man if he is a crusader and man says yes,Pwv4avomXYo,142.0,142.0
95,"forest, trees, wild boar",Pwv4avomXYo,139.25,139.25
95,"forest, trees, wild boar",Pwv4avomXYo,137.75,137.75
95,"forest, trees, wild boar",Pwv4avomXYo,138.0,138.0
95,"forest, trees, wild boar",Pwv4avomXYo,137.25,137.25
95,"forest, trees, wild boar",Pwv4avomXYo,142.0,142.0
96,"forest, male, bow, arrow",Pwv4avomXYo,139.25,139.25
96,"forest, male, bow, arrow",Pwv4avomXYo,137.75,137.75
96,"forest, male, bow, arrow",Pwv4avomXYo,138.0,138.0
96,"forest, male, bow, arrow",Pwv4avomXYo,137.25,137.25
96,"forest, male, bow, arrow",Pwv4avomXYo,142.0,142.0
97,"There is a grandfather and a child, and the child smiles brightly while holding a canned food.",Pwv4avomXYo,139.25,139.25
97,"There is a grandfather and a child, and the child smiles brightly while holding a canned food.",Pwv4avomXYo,137.75,137.75
97,"There is a grandfather and a child, and the child smiles brightly while holding a canned food.",Pwv4avomXYo,138.0,138.0
97,"There is a grandfather and a child, and the child smiles brightly while holding a canned food.",Pwv4avomXYo,137.25,137.25
97,"There is a grandfather and a child, and the child smiles brightly while holding a canned food.",Pwv4avomXYo,142.0,142.0
98,"There are canned food, books, picture frames, etc. in the box.",Pwv4avomXYo,139.25,139.25
98,"There are canned food, books, picture frames, etc. in the box.",Pwv4avomXYo,137.75,137.75
98,"There are canned food, books, picture frames, etc. in the box.",Pwv4avomXYo,138.0,138.0
98,"There are canned food, books, picture frames, etc. in the box.",Pwv4avomXYo,137.25,137.25
98,"There are canned food, books, picture frames, etc. in the box.",Pwv4avomXYo,142.0,142.0
99,A man force-feeds another man canned spinach,Pwv4avomXYo,139.25,139.25
99,A man force-feeds another man canned spinach,Pwv4avomXYo,137.75,137.75
99,A man force-feeds another man canned spinach,Pwv4avomXYo,138.0,138.0
99,A man force-feeds another man canned spinach,Pwv4avomXYo,137.25,137.25
99,A man force-feeds another man canned spinach,Pwv4avomXYo,142.0,142.0
100,A man in a white uniform does a back tumble,Pwv4avomXYo,139.25,139.25
100,A man in a white uniform does a back tumble,Pwv4avomXYo,137.75,137.75
100,A man in a white uniform does a back tumble,Pwv4avomXYo,138.0,138.0
100,A man in a white uniform does a back tumble,Pwv4avomXYo,137.25,137.25
100,A man in a white uniform does a back tumble,Pwv4avomXYo,142.0,142.0
101,A woman says a man is her hero,Pwv4avomXYo,139.25,139.25
101,A woman says a man is her hero,Pwv4avomXYo,137.75,137.75
101,A woman says a man is her hero,Pwv4avomXYo,138.0,138.0
101,A woman says a man is her hero,Pwv4avomXYo,137.25,137.25
101,A woman says a man is her hero,Pwv4avomXYo,142.0,142.0
102,A man holds a can and asks if he doesn't like spinach,Pwv4avomXYo,139.25,139.25
102,A man holds a can and asks if he doesn't like spinach,Pwv4avomXYo,137.75,137.75
102,A man holds a can and asks if he doesn't like spinach,Pwv4avomXYo,138.0,138.0
102,A man holds a can and asks if he doesn't like spinach,Pwv4avomXYo,137.25,137.25
102,A man holds a can and asks if he doesn't like spinach,Pwv4avomXYo,142.0,142.0
103,"Box, book, 2 cans, picture frame, pipe",Pwv4avomXYo,139.25,139.25
103,"Box, book, 2 cans, picture frame, pipe",Pwv4avomXYo,137.75,137.75
103,"Box, book, 2 cans, picture frame, pipe",Pwv4avomXYo,138.0,138.0
103,"Box, book, 2 cans, picture frame, pipe",Pwv4avomXYo,137.25,137.25
103,"Box, book, 2 cans, picture frame, pipe",Pwv4avomXYo,142.0,142.0
104,"grandfather, child, canned food",Pwv4avomXYo,139.25,139.25
104,"grandfather, child, canned food",Pwv4avomXYo,137.75,137.75
104,"grandfather, child, canned food",Pwv4avomXYo,138.0,138.0
104,"grandfather, child, canned food",Pwv4avomXYo,137.25,137.25
104,"grandfather, child, canned food",Pwv4avomXYo,142.0,142.0
105,"In the background of a narrow street lined with shops, a large number of police or military personnel are marching in a line with shields and equipment.",Pwv4avomXYo,139.25,139.25
105,"In the background of a narrow street lined with shops, a large number of police or military personnel are marching in a line with shields and equipment.",Pwv4avomXYo,137.75,137.75
105,"In the background of a narrow street lined with shops, a large number of police or military personnel are marching in a line with shields and equipment.",Pwv4avomXYo,138.0,138.0
105,"In the background of a narrow street lined with shops, a large number of police or military personnel are marching in a line with shields and equipment.",Pwv4avomXYo,137.25,137.25
105,"In the background of a narrow street lined with shops, a large number of police or military personnel are marching in a line with shields and equipment.",Pwv4avomXYo,142.0,142.0
106,"A man is lying on the floor, bleeding, and his helmet is next to him.",Pwv4avomXYo,139.25,139.25
106,"A man is lying on the floor, bleeding, and his helmet is next to him.",Pwv4avomXYo,137.75,137.75
106,"A man is lying on the floor, bleeding, and his helmet is next to him.",Pwv4avomXYo,138.0,138.0
106,"A man is lying on the floor, bleeding, and his helmet is next to him.",Pwv4avomXYo,137.25,137.25
106,"A man is lying on the floor, bleeding, and his helmet is next to him.",Pwv4avomXYo,142.0,142.0
107,A tank fires at a building in the middle of a city street.,Pwv4avomXYo,139.25,139.25
107,A tank fires at a building in the middle of a city street.,Pwv4avomXYo,137.75,137.75
107,A tank fires at a building in the middle of a city street.,Pwv4avomXYo,138.0,138.0
107,A tank fires at a building in the middle of a city street.,Pwv4avomXYo,137.25,137.25
107,A tank fires at a building in the middle of a city street.,Pwv4avomXYo,142.0,142.0
108,A woman puts her eyes to the peephole and examines the external situation.,Pwv4avomXYo,139.25,139.25
108,A woman puts her eyes to the peephole and examines the external situation.,Pwv4avomXYo,137.75,137.75
108,A woman puts her eyes to the peephole and examines the external situation.,Pwv4avomXYo,138.0,138.0
108,A woman puts her eyes to the peephole and examines the external situation.,Pwv4avomXYo,137.25,137.25
108,A woman puts her eyes to the peephole and examines the external situation.,Pwv4avomXYo,142.0,142.0
109,A man calls Lucy to come out of the swimming pool.,Pwv4avomXYo,139.25,139.25
109,A man calls Lucy to come out of the swimming pool.,Pwv4avomXYo,137.75,137.75
109,A man calls Lucy to come out of the swimming pool.,Pwv4avomXYo,138.0,138.0
109,A man calls Lucy to come out of the swimming pool.,Pwv4avomXYo,137.25,137.25
109,A man calls Lucy to come out of the swimming pool.,Pwv4avomXYo,142.0,142.0
110,A man instructs a woman to lock the door,Pwv4avomXYo,139.25,139.25
110,A man instructs a woman to lock the door,Pwv4avomXYo,137.75,137.75
110,A man instructs a woman to lock the door,Pwv4avomXYo,138.0,138.0
110,A man instructs a woman to lock the door,Pwv4avomXYo,137.25,137.25
110,A man instructs a woman to lock the door,Pwv4avomXYo,142.0,142.0
111,"Multiple troops, shields, shopping street",Pwv4avomXYo,139.25,139.25
111,"Multiple troops, shields, shopping street",Pwv4avomXYo,137.75,137.75
111,"Multiple troops, shields, shopping street",Pwv4avomXYo,138.0,138.0
111,"Multiple troops, shields, shopping street",Pwv4avomXYo,137.25,137.25
111,"Multiple troops, shields, shopping street",Pwv4avomXYo,142.0,142.0
112,"mortar, grandmother, grandfather, child",Pwv4avomXYo,139.25,139.25
112,"mortar, grandmother, grandfather, child",Pwv4avomXYo,137.75,137.75
112,"mortar, grandmother, grandfather, child",Pwv4avomXYo,138.0,138.0
112,"mortar, grandmother, grandfather, child",Pwv4avomXYo,137.25,137.25
112,"mortar, grandmother, grandfather, child",Pwv4avomXYo,142.0,142.0
113,Several carp are dead in the pond,Pwv4avomXYo,139.25,139.25
113,Several carp are dead in the pond,Pwv4avomXYo,137.75,137.75
113,Several carp are dead in the pond,Pwv4avomXYo,138.0,138.0
113,Several carp are dead in the pond,Pwv4avomXYo,137.25,137.25
113,Several carp are dead in the pond,Pwv4avomXYo,142.0,142.0
114,There is a bottle of wine in front of the door,Pwv4avomXYo,139.25,139.25
114,There is a bottle of wine in front of the door,Pwv4avomXYo,137.75,137.75
114,There is a bottle of wine in front of the door,Pwv4avomXYo,138.0,138.0
114,There is a bottle of wine in front of the door,Pwv4avomXYo,137.25,137.25
114,There is a bottle of wine in front of the door,Pwv4avomXYo,142.0,142.0
115,The window breaks and the people inside the house are startled.,Pwv4avomXYo,139.25,139.25
115,The window breaks and the people inside the house are startled.,Pwv4avomXYo,137.75,137.75
115,The window breaks and the people inside the house are startled.,Pwv4avomXYo,138.0,138.0
115,The window breaks and the people inside the house are startled.,Pwv4avomXYo,137.25,137.25
115,The window breaks and the people inside the house are startled.,Pwv4avomXYo,142.0,142.0
116,A woman checks and picks up the wine left at the door,Pwv4avomXYo,139.25,139.25
116,A woman checks and picks up the wine left at the door,Pwv4avomXYo,137.75,137.75
116,A woman checks and picks up the wine left at the door,Pwv4avomXYo,138.0,138.0
116,A woman checks and picks up the wine left at the door,Pwv4avomXYo,137.25,137.25
116,A woman checks and picks up the wine left at the door,Pwv4avomXYo,142.0,142.0
117,Man tells us not to visit again,Pwv4avomXYo,139.25,139.25
117,Man tells us not to visit again,Pwv4avomXYo,137.75,137.75
117,Man tells us not to visit again,Pwv4avomXYo,138.0,138.0
117,Man tells us not to visit again,Pwv4avomXYo,137.25,137.25
117,Man tells us not to visit again,Pwv4avomXYo,142.0,142.0
118,Man says he believes bad things can become gifts,Pwv4avomXYo,139.25,139.25
118,Man says he believes bad things can become gifts,Pwv4avomXYo,137.75,137.75
118,Man says he believes bad things can become gifts,Pwv4avomXYo,138.0,138.0
118,Man says he believes bad things can become gifts,Pwv4avomXYo,137.25,137.25
118,Man says he believes bad things can become gifts,Pwv4avomXYo,142.0,142.0
119,"baby bed, mobile, woman, doll, picture frame",Pwv4avomXYo,139.25,139.25
119,"baby bed, mobile, woman, doll, picture frame",Pwv4avomXYo,137.75,137.75
119,"baby bed, mobile, woman, doll, picture frame",Pwv4avomXYo,138.0,138.0
119,"baby bed, mobile, woman, doll, picture frame",Pwv4avomXYo,137.25,137.25
119,"baby bed, mobile, woman, doll, picture frame",Pwv4avomXYo,142.0,142.0
120,"Door front, big gift box, red ribbon, white box",Pwv4avomXYo,139.25,139.25
120,"Door front, big gift box, red ribbon, white box",Pwv4avomXYo,137.75,137.75
120,"Door front, big gift box, red ribbon, white box",Pwv4avomXYo,138.0,138.0
120,"Door front, big gift box, red ribbon, white box",Pwv4avomXYo,137.25,137.25
120,"Door front, big gift box, red ribbon, white box",Pwv4avomXYo,142.0,142.0
121,"A group of seven emperor penguins on a glacier, looking down",Pwv4avomXYo,139.25,139.25
121,"A group of seven emperor penguins on a glacier, looking down",Pwv4avomXYo,137.75,137.75
121,"A group of seven emperor penguins on a glacier, looking down",Pwv4avomXYo,138.0,138.0
121,"A group of seven emperor penguins on a glacier, looking down",Pwv4avomXYo,137.25,137.25
121,"A group of seven emperor penguins on a glacier, looking down",Pwv4avomXYo,142.0,142.0
122,One penguin is in the center of a group of young penguins in a glacier cave surrounded by icicles,Pwv4avomXYo,139.25,139.25
122,One penguin is in the center of a group of young penguins in a glacier cave surrounded by icicles,Pwv4avomXYo,137.75,137.75
122,One penguin is in the center of a group of young penguins in a glacier cave surrounded by icicles,Pwv4avomXYo,138.0,138.0
122,One penguin is in the center of a group of young penguins in a glacier cave surrounded by icicles,Pwv4avomXYo,137.25,137.25
122,One penguin is in the center of a group of young penguins in a glacier cave surrounded by icicles,Pwv4avomXYo,142.0,142.0
123,An icicle falls and hits the penguin on the head.,Pwv4avomXYo,139.25,139.25
123,An icicle falls and hits the penguin on the head.,Pwv4avomXYo,137.75,137.75
123,An icicle falls and hits the penguin on the head.,Pwv4avomXYo,138.0,138.0
123,An icicle falls and hits the penguin on the head.,Pwv4avomXYo,137.25,137.25
123,An icicle falls and hits the penguin on the head.,Pwv4avomXYo,142.0,142.0
124,A penguin walks to where the class is taking place.,Pwv4avomXYo,139.25,139.25
124,A penguin walks to where the class is taking place.,Pwv4avomXYo,137.75,137.75
124,A penguin walks to where the class is taking place.,Pwv4avomXYo,138.0,138.0
124,A penguin walks to where the class is taking place.,Pwv4avomXYo,137.25,137.25
124,A penguin walks to where the class is taking place.,Pwv4avomXYo,142.0,142.0
125,Teacher Penguin greets students in the morning,Pwv4avomXYo,139.25,139.25
125,Teacher Penguin greets students in the morning,Pwv4avomXYo,137.75,137.75
125,Teacher Penguin greets students in the morning,Pwv4avomXYo,138.0,138.0
125,Teacher Penguin greets students in the morning,Pwv4avomXYo,137.25,137.25
125,Teacher Penguin greets students in the morning,Pwv4avomXYo,142.0,142.0
126,Teacher Penguin says thank you to the student who said it was a heart song,Pwv4avomXYo,139.25,139.25
126,Teacher Penguin says thank you to the student who said it was a heart song,Pwv4avomXYo,137.75,137.75
126,Teacher Penguin says thank you to the student who said it was a heart song,Pwv4avomXYo,138.0,138.0
126,Teacher Penguin says thank you to the student who said it was a heart song,Pwv4avomXYo,137.25,137.25
126,Teacher Penguin says thank you to the student who said it was a heart song,Pwv4avomXYo,142.0,142.0
127,"Icicles, penguins",Pwv4avomXYo,139.25,139.25
127,"Icicles, penguins",Pwv4avomXYo,137.75,137.75
127,"Icicles, penguins",Pwv4avomXYo,138.0,138.0
127,"Icicles, penguins",Pwv4avomXYo,137.25,137.25
127,"Icicles, penguins",Pwv4avomXYo,142.0,142.0
128,7 emperor penguins,Pwv4avomXYo,139.25,139.25
128,7 emperor penguins,Pwv4avomXYo,137.75,137.75
128,7 emperor penguins,Pwv4avomXYo,138.0,138.0
128,7 emperor penguins,Pwv4avomXYo,137.25,137.25
128,7 emperor penguins,Pwv4avomXYo,142.0,142.0
129,A tense situation occurs when a man catches two people hanging from the edge of a coastal cliff.,Pwv4avomXYo,139.25,139.25
129,A tense situation occurs when a man catches two people hanging from the edge of a coastal cliff.,Pwv4avomXYo,137.75,137.75
129,A tense situation occurs when a man catches two people hanging from the edge of a coastal cliff.,Pwv4avomXYo,138.0,138.0
129,A tense situation occurs when a man catches two people hanging from the edge of a coastal cliff.,Pwv4avomXYo,137.25,137.25
129,A tense situation occurs when a man catches two people hanging from the edge of a coastal cliff.,Pwv4avomXYo,142.0,142.0
130,A man is hanging on a rough rock with his hands clinging to it.,Pwv4avomXYo,139.25,139.25
130,A man is hanging on a rough rock with his hands clinging to it.,Pwv4avomXYo,137.75,137.75
130,A man is hanging on a rough rock with his hands clinging to it.,Pwv4avomXYo,138.0,138.0
130,A man is hanging on a rough rock with his hands clinging to it.,Pwv4avomXYo,137.25,137.25
130,A man is hanging on a rough rock with his hands clinging to it.,Pwv4avomXYo,142.0,142.0
131,A boy strangles another boy,Pwv4avomXYo,139.25,139.25
131,A boy strangles another boy,Pwv4avomXYo,137.75,137.75
131,A boy strangles another boy,Pwv4avomXYo,138.0,138.0
131,A boy strangles another boy,Pwv4avomXYo,137.25,137.25
131,A boy strangles another boy,Pwv4avomXYo,142.0,142.0
132,A woman climbs a cliff with her bare hands,Pwv4avomXYo,139.25,139.25
132,A woman climbs a cliff with her bare hands,Pwv4avomXYo,137.75,137.75
132,A woman climbs a cliff with her bare hands,Pwv4avomXYo,138.0,138.0
132,A woman climbs a cliff with her bare hands,Pwv4avomXYo,137.25,137.25
132,A woman climbs a cliff with her bare hands,Pwv4avomXYo,142.0,142.0
133,Woman tells two boys to catch me,Pwv4avomXYo,139.25,139.25
133,Woman tells two boys to catch me,Pwv4avomXYo,137.75,137.75
133,Woman tells two boys to catch me,Pwv4avomXYo,138.0,138.0
133,Woman tells two boys to catch me,Pwv4avomXYo,137.25,137.25
133,Woman tells two boys to catch me,Pwv4avomXYo,142.0,142.0
134,A boy says I love you mom,Pwv4avomXYo,139.25,139.25
134,A boy says I love you mom,Pwv4avomXYo,137.75,137.75
134,A boy says I love you mom,Pwv4avomXYo,138.0,138.0
134,A boy says I love you mom,Pwv4avomXYo,137.25,137.25
134,A boy says I love you mom,Pwv4avomXYo,142.0,142.0
135,"Cliff, sea, two people, stones",Pwv4avomXYo,139.25,139.25
135,"Cliff, sea, two people, stones",Pwv4avomXYo,137.75,137.75
135,"Cliff, sea, two people, stones",Pwv4avomXYo,138.0,138.0
135,"Cliff, sea, two people, stones",Pwv4avomXYo,137.25,137.25
135,"Cliff, sea, two people, stones",Pwv4avomXYo,142.0,142.0
136,"Rocks, man, bleeding hands, cliff",Pwv4avomXYo,139.25,139.25
136,"Rocks, man, bleeding hands, cliff",Pwv4avomXYo,137.75,137.75
136,"Rocks, man, bleeding hands, cliff",Pwv4avomXYo,138.0,138.0
136,"Rocks, man, bleeding hands, cliff",Pwv4avomXYo,137.25,137.25
136,"Rocks, man, bleeding hands, cliff",Pwv4avomXYo,142.0,142.0
137,"There is a blue car and two people on the road, and a dinosaur model is installed above a store called Prehistoric Foret.",Pwv4avomXYo,139.25,139.25
137,"There is a blue car and two people on the road, and a dinosaur model is installed above a store called Prehistoric Foret.",Pwv4avomXYo,137.75,137.75
137,"There is a blue car and two people on the road, and a dinosaur model is installed above a store called Prehistoric Foret.",Pwv4avomXYo,138.0,138.0
137,"There is a blue car and two people on the road, and a dinosaur model is installed above a store called Prehistoric Foret.",Pwv4avomXYo,137.25,137.25
137,"There is a blue car and two people on the road, and a dinosaur model is installed above a store called Prehistoric Foret.",Pwv4avomXYo,142.0,142.0
138,Two men are sitting in a car with a broken windshield and no bonnet.,Pwv4avomXYo,139.25,139.25
138,Two men are sitting in a car with a broken windshield and no bonnet.,Pwv4avomXYo,137.75,137.75
138,Two men are sitting in a car with a broken windshield and no bonnet.,Pwv4avomXYo,138.0,138.0
138,Two men are sitting in a car with a broken windshield and no bonnet.,Pwv4avomXYo,137.25,137.25
138,Two men are sitting in a car with a broken windshield and no bonnet.,Pwv4avomXYo,142.0,142.0
139,A man punches another man and hits him in the face,Pwv4avomXYo,139.25,139.25
139,A man punches another man and hits him in the face,Pwv4avomXYo,137.75,137.75
139,A man punches another man and hits him in the face,Pwv4avomXYo,138.0,138.0
139,A man punches another man and hits him in the face,Pwv4avomXYo,137.25,137.25
139,A man punches another man and hits him in the face,Pwv4avomXYo,142.0,142.0
140,the roof of a car is torn off,Pwv4avomXYo,139.25,139.25
140,the roof of a car is torn off,Pwv4avomXYo,137.75,137.75
140,the roof of a car is torn off,Pwv4avomXYo,138.0,138.0
140,the roof of a car is torn off,Pwv4avomXYo,137.25,137.25
140,the roof of a car is torn off,Pwv4avomXYo,142.0,142.0
141,A man tells another man to get out of the car,Pwv4avomXYo,139.25,139.25
141,A man tells another man to get out of the car,Pwv4avomXYo,137.75,137.75
141,A man tells another man to get out of the car,Pwv4avomXYo,138.0,138.0
141,A man tells another man to get out of the car,Pwv4avomXYo,137.25,137.25
141,A man tells another man to get out of the car,Pwv4avomXYo,142.0,142.0
142,A man is yelling that a rhino is getting too close to his car,Pwv4avomXYo,139.25,139.25
142,A man is yelling that a rhino is getting too close to his car,Pwv4avomXYo,137.75,137.75
142,A man is yelling that a rhino is getting too close to his car,Pwv4avomXYo,138.0,138.0
142,A man is yelling that a rhino is getting too close to his car,Pwv4avomXYo,137.25,137.25
142,A man is yelling that a rhino is getting too close to his car,Pwv4avomXYo,142.0,142.0
143,"Forest, car, two people, dinosaur",Pwv4avomXYo,139.25,139.25
143,"Forest, car, two people, dinosaur",Pwv4avomXYo,137.75,137.75
143,"Forest, car, two people, dinosaur",Pwv4avomXYo,138.0,138.0
143,"Forest, car, two people, dinosaur",Pwv4avomXYo,137.25,137.25
143,"Forest, car, two people, dinosaur",Pwv4avomXYo,142.0,142.0
144,"road, signs, broken down car, automobile",Pwv4avomXYo,139.25,139.25
144,"road, signs, broken down car, automobile",Pwv4avomXYo,137.75,137.75
144,"road, signs, broken down car, automobile",Pwv4avomXYo,138.0,138.0
144,"road, signs, broken down car, automobile",Pwv4avomXYo,137.25,137.25
144,"road, signs, broken down car, automobile",Pwv4avomXYo,142.0,142.0
145,The boy supports himself on the window sill and holds on to the handle attached to the rope with both hands.,Pwv4avomXYo,139.25,139.25
145,The boy supports himself on the window sill and holds on to the handle attached to the rope with both hands.,Pwv4avomXYo,137.75,137.75
145,The boy supports himself on the window sill and holds on to the handle attached to the rope with both hands.,Pwv4avomXYo,138.0,138.0
145,The boy supports himself on the window sill and holds on to the handle attached to the rope with both hands.,Pwv4avomXYo,137.25,137.25
145,The boy supports himself on the window sill and holds on to the handle attached to the rope with both hands.,Pwv4avomXYo,142.0,142.0
146,A man is lying on the floor with a red carpet and there is a spider on his stomach,Pwv4avomXYo,139.25,139.25
146,A man is lying on the floor with a red carpet and there is a spider on his stomach,Pwv4avomXYo,137.75,137.75
146,A man is lying on the floor with a red carpet and there is a spider on his stomach,Pwv4avomXYo,138.0,138.0
146,A man is lying on the floor with a red carpet and there is a spider on his stomach,Pwv4avomXYo,137.25,137.25
146,A man is lying on the floor with a red carpet and there is a spider on his stomach,Pwv4avomXYo,142.0,142.0
147,A man trips on a rope and falls,Pwv4avomXYo,139.25,139.25
147,A man trips on a rope and falls,Pwv4avomXYo,137.75,137.75
147,A man trips on a rope and falls,Pwv4avomXYo,138.0,138.0
147,A man trips on a rope and falls,Pwv4avomXYo,137.25,137.25
147,A man trips on a rope and falls,Pwv4avomXYo,142.0,142.0
148,place a spider on a man's face,Pwv4avomXYo,139.25,139.25
148,place a spider on a man's face,Pwv4avomXYo,137.75,137.75
148,place a spider on a man's face,Pwv4avomXYo,138.0,138.0
148,place a spider on a man's face,Pwv4avomXYo,137.25,137.25
148,place a spider on a man's face,Pwv4avomXYo,142.0,142.0
149,A man says he caught it repeatedly,Pwv4avomXYo,139.25,139.25
149,A man says he caught it repeatedly,Pwv4avomXYo,137.75,137.75
149,A man says he caught it repeatedly,Pwv4avomXYo,138.0,138.0
149,A man says he caught it repeatedly,Pwv4avomXYo,137.25,137.25
149,A man says he caught it repeatedly,Pwv4avomXYo,142.0,142.0
150,A man holds a stick and warns not to move,Pwv4avomXYo,139.25,139.25
150,A man holds a stick and warns not to move,Pwv4avomXYo,137.75,137.75
150,A man holds a stick and warns not to move,Pwv4avomXYo,138.0,138.0
150,A man holds a stick and warns not to move,Pwv4avomXYo,137.25,137.25
150,A man holds a stick and warns not to move,Pwv4avomXYo,142.0,142.0
151,"Two men, window, night",Pwv4avomXYo,139.25,139.25
151,"Two men, window, night",Pwv4avomXYo,137.75,137.75
151,"Two men, window, night",Pwv4avomXYo,138.0,138.0
151,"Two men, window, night",Pwv4avomXYo,137.25,137.25
151,"Two men, window, night",Pwv4avomXYo,142.0,142.0
152,"One man, lights, wooden house, window",Pwv4avomXYo,139.25,139.25
152,"One man, lights, wooden house, window",Pwv4avomXYo,137.75,137.75
152,"One man, lights, wooden house, window",Pwv4avomXYo,138.0,138.0
152,"One man, lights, wooden house, window",Pwv4avomXYo,137.25,137.25
152,"One man, lights, wooden house, window",Pwv4avomXYo,142.0,142.0
153,Military planes are lined up on the runway and soldiers are marching. A man wearing white clothes is walking to one side,Pwv4avomXYo,139.25,139.25
153,Military planes are lined up on the runway and soldiers are marching. A man wearing white clothes is walking to one side,Pwv4avomXYo,137.75,137.75
153,Military planes are lined up on the runway and soldiers are marching. A man wearing white clothes is walking to one side,Pwv4avomXYo,138.0,138.0
153,Military planes are lined up on the runway and soldiers are marching. A man wearing white clothes is walking to one side,Pwv4avomXYo,137.25,137.25
153,Military planes are lined up on the runway and soldiers are marching. A man wearing white clothes is walking to one side,Pwv4avomXYo,142.0,142.0
154,A man dragging a yellow rubber boat at the water's edge and walking toward the sea,Pwv4avomXYo,139.25,139.25
154,A man dragging a yellow rubber boat at the water's edge and walking toward the sea,Pwv4avomXYo,137.75,137.75
154,A man dragging a yellow rubber boat at the water's edge and walking toward the sea,Pwv4avomXYo,138.0,138.0
154,A man dragging a yellow rubber boat at the water's edge and walking toward the sea,Pwv4avomXYo,137.25,137.25
154,A man dragging a yellow rubber boat at the water's edge and walking toward the sea,Pwv4avomXYo,142.0,142.0
155,A man wearing white short sleeves carries a yellow rubber boat and runs across the sandy beach into the sea.,Pwv4avomXYo,139.25,139.25
155,A man wearing white short sleeves carries a yellow rubber boat and runs across the sandy beach into the sea.,Pwv4avomXYo,137.75,137.75
155,A man wearing white short sleeves carries a yellow rubber boat and runs across the sandy beach into the sea.,Pwv4avomXYo,138.0,138.0
155,A man wearing white short sleeves carries a yellow rubber boat and runs across the sandy beach into the sea.,Pwv4avomXYo,137.25,137.25
155,A man wearing white short sleeves carries a yellow rubber boat and runs across the sandy beach into the sea.,Pwv4avomXYo,142.0,142.0
156,A man gets on a yellow rubber boat in the blue sea,Pwv4avomXYo,139.25,139.25
156,A man gets on a yellow rubber boat in the blue sea,Pwv4avomXYo,137.75,137.75
156,A man gets on a yellow rubber boat in the blue sea,Pwv4avomXYo,138.0,138.0
156,A man gets on a yellow rubber boat in the blue sea,Pwv4avomXYo,137.25,137.25
156,A man gets on a yellow rubber boat in the blue sea,Pwv4avomXYo,142.0,142.0
157,A man runs and says again that he can do it,Pwv4avomXYo,139.25,139.25
157,A man runs and says again that he can do it,Pwv4avomXYo,137.75,137.75
157,A man runs and says again that he can do it,Pwv4avomXYo,138.0,138.0
157,A man runs and says again that he can do it,Pwv4avomXYo,137.25,137.25
157,A man runs and says again that he can do it,Pwv4avomXYo,142.0,142.0
158,"Yellow rubber boat, sea, oars, man",Pwv4avomXYo,139.25,139.25
158,"Yellow rubber boat, sea, oars, man",Pwv4avomXYo,137.75,137.75
158,"Yellow rubber boat, sea, oars, man",Pwv4avomXYo,138.0,138.0
158,"Yellow rubber boat, sea, oars, man",Pwv4avomXYo,137.25,137.25
158,"Yellow rubber boat, sea, oars, man",Pwv4avomXYo,142.0,142.0
159,"military plane, marching, men, runway",Pwv4avomXYo,139.25,139.25
159,"military plane, marching, men, runway",Pwv4avomXYo,137.75,137.75
159,"military plane, marching, men, runway",Pwv4avomXYo,138.0,138.0
159,"military plane, marching, men, runway",Pwv4avomXYo,137.25,137.25
159,"military plane, marching, men, runway",Pwv4avomXYo,142.0,142.0
160,"An indoor door and wall are visible, a man is attached to a woman, and the woman is aiming a gun towards the front.",Pwv4avomXYo,139.25,139.25
160,"An indoor door and wall are visible, a man is attached to a woman, and the woman is aiming a gun towards the front.",Pwv4avomXYo,137.75,137.75
160,"An indoor door and wall are visible, a man is attached to a woman, and the woman is aiming a gun towards the front.",Pwv4avomXYo,138.0,138.0
160,"An indoor door and wall are visible, a man is attached to a woman, and the woman is aiming a gun towards the front.",Pwv4avomXYo,137.25,137.25
160,"An indoor door and wall are visible, a man is attached to a woman, and the woman is aiming a gun towards the front.",Pwv4avomXYo,142.0,142.0
161,Man dressed in black with white face in dark interior,Pwv4avomXYo,139.25,139.25
161,Man dressed in black with white face in dark interior,Pwv4avomXYo,137.75,137.75
161,Man dressed in black with white face in dark interior,Pwv4avomXYo,138.0,138.0
161,Man dressed in black with white face in dark interior,Pwv4avomXYo,137.25,137.25
161,Man dressed in black with white face in dark interior,Pwv4avomXYo,142.0,142.0
162,A man points several guns at a person who appears,Pwv4avomXYo,139.25,139.25
162,A man points several guns at a person who appears,Pwv4avomXYo,137.75,137.75
162,A man points several guns at a person who appears,Pwv4avomXYo,138.0,138.0
162,A man points several guns at a person who appears,Pwv4avomXYo,137.25,137.25
162,A man points several guns at a person who appears,Pwv4avomXYo,142.0,142.0
163,A man breaks down a door with a knife,Pwv4avomXYo,139.25,139.25
163,A man breaks down a door with a knife,Pwv4avomXYo,137.75,137.75
163,A man breaks down a door with a knife,Pwv4avomXYo,138.0,138.0
163,A man breaks down a door with a knife,Pwv4avomXYo,137.25,137.25
163,A man breaks down a door with a knife,Pwv4avomXYo,142.0,142.0
164,A woman knocks on a door and tells him to open it,Pwv4avomXYo,139.25,139.25
164,A woman knocks on a door and tells him to open it,Pwv4avomXYo,137.75,137.75
164,A woman knocks on a door and tells him to open it,Pwv4avomXYo,138.0,138.0
164,A woman knocks on a door and tells him to open it,Pwv4avomXYo,137.25,137.25
164,A woman knocks on a door and tells him to open it,Pwv4avomXYo,142.0,142.0
165,A woman is repeatedly told to go,Pwv4avomXYo,139.25,139.25
165,A woman is repeatedly told to go,Pwv4avomXYo,137.75,137.75
165,A woman is repeatedly told to go,Pwv4avomXYo,138.0,138.0
165,A woman is repeatedly told to go,Pwv4avomXYo,137.25,137.25
165,A woman is repeatedly told to go,Pwv4avomXYo,142.0,142.0
166,"man, palm, blood, floor",Pwv4avomXYo,139.25,139.25
166,"man, palm, blood, floor",Pwv4avomXYo,137.75,137.75
166,"man, palm, blood, floor",Pwv4avomXYo,138.0,138.0
166,"man, palm, blood, floor",Pwv4avomXYo,137.25,137.25
166,"man, palm, blood, floor",Pwv4avomXYo,142.0,142.0
167,"Door, blood stains, knife, one man",Pwv4avomXYo,139.25,139.25
167,"Door, blood stains, knife, one man",Pwv4avomXYo,137.75,137.75
167,"Door, blood stains, knife, one man",Pwv4avomXYo,138.0,138.0
167,"Door, blood stains, knife, one man",Pwv4avomXYo,137.25,137.25
167,"Door, blood stains, knife, one man",Pwv4avomXYo,142.0,142.0
168,Ape is holding a Statue of Liberty toy,Pwv4avomXYo,139.25,139.25
168,Ape is holding a Statue of Liberty toy,Pwv4avomXYo,137.75,137.75
168,Ape is holding a Statue of Liberty toy,Pwv4avomXYo,138.0,138.0
168,Ape is holding a Statue of Liberty toy,Pwv4avomXYo,137.25,137.25
168,Ape is holding a Statue of Liberty toy,Pwv4avomXYo,142.0,142.0
169,An ape is riding on a man's body and a red car is standing in the background.,Pwv4avomXYo,139.25,139.25
169,An ape is riding on a man's body and a red car is standing in the background.,Pwv4avomXYo,137.75,137.75
169,An ape is riding on a man's body and a red car is standing in the background.,Pwv4avomXYo,138.0,138.0
169,An ape is riding on a man's body and a red car is standing in the background.,Pwv4avomXYo,137.25,137.25
169,An ape is riding on a man's body and a red car is standing in the background.,Pwv4avomXYo,142.0,142.0
170,"Apes attack people, knock them down, climb on them and beat them.",Pwv4avomXYo,139.25,139.25
170,"Apes attack people, knock them down, climb on them and beat them.",Pwv4avomXYo,137.75,137.75
170,"Apes attack people, knock them down, climb on them and beat them.",Pwv4avomXYo,138.0,138.0
170,"Apes attack people, knock them down, climb on them and beat them.",Pwv4avomXYo,137.25,137.25
170,"Apes attack people, knock them down, climb on them and beat them.",Pwv4avomXYo,142.0,142.0
171,The ape is touching the grandfather's hand,Pwv4avomXYo,139.25,139.25
171,The ape is touching the grandfather's hand,Pwv4avomXYo,137.75,137.75
171,The ape is touching the grandfather's hand,Pwv4avomXYo,138.0,138.0
171,The ape is touching the grandfather's hand,Pwv4avomXYo,137.25,137.25
171,The ape is touching the grandfather's hand,Pwv4avomXYo,142.0,142.0
172,man repeatedly telling to stop,Pwv4avomXYo,139.25,139.25
172,man repeatedly telling to stop,Pwv4avomXYo,137.75,137.75
172,man repeatedly telling to stop,Pwv4avomXYo,138.0,138.0
172,man repeatedly telling to stop,Pwv4avomXYo,137.25,137.25
172,man repeatedly telling to stop,Pwv4avomXYo,142.0,142.0
173,Grandpa hugs the ape and says it's okay,Pwv4avomXYo,139.25,139.25
173,Grandpa hugs the ape and says it's okay,Pwv4avomXYo,137.75,137.75
173,Grandpa hugs the ape and says it's okay,Pwv4avomXYo,138.0,138.0
173,Grandpa hugs the ape and says it's okay,Pwv4avomXYo,137.25,137.25
173,Grandpa hugs the ape and says it's okay,Pwv4avomXYo,142.0,142.0
174,"ape, statue of liberty, toy",Pwv4avomXYo,139.25,139.25
174,"ape, statue of liberty, toy",Pwv4avomXYo,137.75,137.75
174,"ape, statue of liberty, toy",Pwv4avomXYo,138.0,138.0
174,"ape, statue of liberty, toy",Pwv4avomXYo,137.25,137.25
174,"ape, statue of liberty, toy",Pwv4avomXYo,142.0,142.0
175,"ape, grandfather, man, dining table, indoors, window",Pwv4avomXYo,139.25,139.25
175,"ape, grandfather, man, dining table, indoors, window",Pwv4avomXYo,137.75,137.75
175,"ape, grandfather, man, dining table, indoors, window",Pwv4avomXYo,138.0,138.0
175,"ape, grandfather, man, dining table, indoors, window",Pwv4avomXYo,137.25,137.25
175,"ape, grandfather, man, dining table, indoors, window",Pwv4avomXYo,142.0,142.0
